﻿
Habib Bank Limited
AUTO HBPS COMPANIES DAILY MIS

Date Time: 	16/09/2024 09:55:54
User: 	Ibrahim Warind
Parameters,Values
From Date,15/09/2024
To Date,15/09/2024
Company Code,PREMIER1

Agent Transaction ID,Tran. Id.,Consumer No,Consumer Name,Company,Amount,Channel,Transaction Date,Transaction Time
3743940150,1330652001,110159,KHALID HELPPER OUT,Premier Sales Private Limited,5000,AGENT,15-Sep-2024,14:10:00,
3743944092,1330655401,14045808,Talha,Premier Sales Private Limited,150000,AGENT,15-Sep-2024,14:15:00,
3743965677,1330673184,1206,M.HAMZA                       ,Premier Sales Private Limited,125000,AGENT,15-Sep-2024,14:44:00,
3743971883,1330678248,1051469,Muhammad Umer                 ,Premier Sales Private Limited,194000,AGENT,15-Sep-2024,14:55:00,
3743975786,1330681383,117990,Usman Ali,Premier Sales Private Limited,74050,AGENT,15-Sep-2024,15:00:00,
3743987577,1330691320,15399,MUKHTIAR (SAMI),Premier Sales Private Limited,176000,AGENT,15-Sep-2024,15:16:00,
3743987581,1330691321,14026233,Ahsan,Premier Sales Private Limited,170000,AGENT,15-Sep-2024,15:16:00,
3743992268,1330695258,191119,Fayyaz,Premier Sales Private Limited,37000,AGENT,15-Sep-2024,15:21:00,
3743993403,1330696161,20035,EJAZ,Premier Sales Private Limited,50750,AGENT,15-Sep-2024,15:23:00,
3744000065,1330701868,117991,Abdul Haris,Premier Sales Private Limited,11000,AGENT,15-Sep-2024,15:31:00,
3744004752,1330705606,111265,SALMAN CONS,Premier Sales Private Limited,43815,AGENT,15-Sep-2024,15:37:00,
3744020588,1330718320,215118,NOMAN NADEEM,Premier Sales Private Limited,144850,AGENT,15-Sep-2024,15:57:00,
3744026718,1330723276,241128,NADEEM AHMED S.V,Premier Sales Private Limited,133000,AGENT,15-Sep-2024,16:05:00,
3744043253,1330736512,215126,salman,Premier Sales Private Limited,110000,AGENT,15-Sep-2024,16:28:00,
3744043303,1330736578,131293,Tauseef,Premier Sales Private Limited,260000,AGENT,15-Sep-2024,16:28:00,
3744043319,1330736596,1178,ADNAN SHERAZ,Premier Sales Private Limited,37190,AGENT,15-Sep-2024,16:28:00,
3744043416,1330736653,158114,Muhammad  Tahir,Premier Sales Private Limited,69435,AGENT,15-Sep-2024,16:28:00,
3744050171,1330742357,133657,CHAMAN,Premier Sales Private Limited,306600,AGENT,15-Sep-2024,16:36:00,
3744061587,1330751666,141453,A.AZEEM,Premier Sales Private Limited,106500,AGENT,15-Sep-2024,16:49:00,
3744061576,1330751669,2326,JAMAL,Premier Sales Private Limited,171700,AGENT,15-Sep-2024,16:49:00,
3744075758,1330763210,119252,Muhammad  Wasi                ,Premier Sales Private Limited,140290,AGENT,15-Sep-2024,17:07:00,
3744091471,1330775746,1178,ADNAN SHERAZ,Premier Sales Private Limited,55600,AGENT,15-Sep-2024,17:29:00,
3744101699,1330784102,141221,ISMAIL,Premier Sales Private Limited,341500,AGENT,15-Sep-2024,17:42:00,
3744105178,1330786907,135244,WASEEM BADAMI,Premier Sales Private Limited,50500,AGENT,15-Sep-2024,17:46:00,
3744108718,1330789819,1402393,Ghazanfer Hussain,Premier Sales Private Limited,180950,AGENT,15-Sep-2024,17:50:00,
3744112239,1330792707,133554,SHARIQ,Premier Sales Private Limited,159800,AGENT,15-Sep-2024,17:54:00,
3744125932,1330803893,191154,Aftab,Premier Sales Private Limited,164500,AGENT,15-Sep-2024,18:10:00,
3744126231,1330804098,191154,Aftab,Premier Sales Private Limited,195000,AGENT,15-Sep-2024,18:10:00,
3743944320,1330655575,241106,SAAD,Premier Sales Private Limited,26000,AGENT,15-Sep-2024,14:15:00,
3743944369,1330655617,14045808,Talha,Premier Sales Private Limited,240000,AGENT,15-Sep-2024,14:15:00,
3743944397,1330655625,183278,ASIF,Premier Sales Private Limited,25000,AGENT,15-Sep-2024,14:15:00,
3743959766,1330668199,189127,Shahbeh hydr,Premier Sales Private Limited,26800,AGENT,15-Sep-2024,14:35:00,
3743969021,1330675843,1173,SALEEM AKHTAR,Premier Sales Private Limited,66000,AGENT,15-Sep-2024,14:50:00,
3743969088,1330675887,1206,M.HAMZA                       ,Premier Sales Private Limited,65000,AGENT,15-Sep-2024,14:50:00,
3744005050,1330705845,18910,REHAN ,Premier Sales Private Limited,195000,AGENT,15-Sep-2024,15:37:00,
3744007734,1330708071,1178,ADNAN SHERAZ,Premier Sales Private Limited,72810,AGENT,15-Sep-2024,15:40:00,
3744010999,1330710522,1432636,Muhammad  Aashir              ,Premier Sales Private Limited,111000,AGENT,15-Sep-2024,15:44:00,
3744020764,1330718474,1206,M.HAMZA                       ,Premier Sales Private Limited,146500,AGENT,15-Sep-2024,15:57:00,
3744026782,1330723324,1178,ADNAN SHERAZ,Premier Sales Private Limited,5600,AGENT,15-Sep-2024,16:06:00,
3744030058,1330725784,155139,WASEEM ASLAM,Premier Sales Private Limited,587500,AGENT,15-Sep-2024,16:10:00,
3744043493,1330736726,140396,Wahab Ghouri,Premier Sales Private Limited,130000,AGENT,15-Sep-2024,16:28:00,
3744061625,1330751722,172172100120,Hamid-D0005OB35,Premier Sales Private Limited,215200,AGENT,15-Sep-2024,16:49:00,
3744069149,1330757758,1401997,Syed  Zubair Ali              ,Premier Sales Private Limited,26500,AGENT,15-Sep-2024,16:58:00,
3744069318,1330757892,1206,M.HAMZA                       ,Premier Sales Private Limited,500000,AGENT,15-Sep-2024,16:59:00,
3744072800,1330760784,191156,Malik Sheraz,Premier Sales Private Limited,133000,AGENT,15-Sep-2024,17:03:00,
3744085637,1330771154,105623,HYDAR BK                      ,Premier Sales Private Limited,74000,AGENT,15-Sep-2024,17:20:00,
3744101926,1330784293,2003,MIR NAWAZ,Premier Sales Private Limited,36200,AGENT,15-Sep-2024,17:42:00,
3744108931,1330790020,1402393,Ghazanfer Hussain,Premier Sales Private Limited,170000,AGENT,15-Sep-2024,17:51:00,
3744115842,1330795775,153125,SAJAD (SAMI),Premier Sales Private Limited,357500,AGENT,15-Sep-2024,17:59:00,
3744119253,1330798459,15510,SAFDAR,Premier Sales Private Limited,195000,AGENT,15-Sep-2024,18:02:00,
3744119236,1330798469,18077,Muhammad  Adnan,Premier Sales Private Limited,500000,AGENT,15-Sep-2024,18:02:00,
3744122930,1330801446,15082,FAZAL TALPUR,Premier Sales Private Limited,81500,AGENT,15-Sep-2024,18:06:00,
3744129675,1330806913,15081,IRSHAD ALI SOOMRO,Premier Sales Private Limited,486500,AGENT,15-Sep-2024,18:14:00,
3743988166,1330691795,1432132,Mehboob Khan                  ,Premier Sales Private Limited,95830,AGENT,15-Sep-2024,15:16:00,
3743992811,1330695718,20035,EJAZ,Premier Sales Private Limited,296500,AGENT,15-Sep-2024,15:22:00,
3743994027,1330696687,105747,IRSHAD ALI (SAMI)             ,Premier Sales Private Limited,309260,AGENT,15-Sep-2024,15:24:00,
3743995214,1330697686,1659900975,NOMAN DAR ,Premier Sales Private Limited,112000,AGENT,15-Sep-2024,15:25:00,
3743996823,1330699185,117991,Abdul Haris,Premier Sales Private Limited,247560,AGENT,15-Sep-2024,15:27:00,
3743998629,1330700624,135516,KALEEM,Premier Sales Private Limited,77830,AGENT,15-Sep-2024,15:29:00,
3744002784,1330703999,241104,FAISAL,Premier Sales Private Limited,30000,AGENT,15-Sep-2024,15:34:00,
3744011189,1330710667,189132,NOMAN GUL,Premier Sales Private Limited,158000,AGENT,15-Sep-2024,15:45:00,
3744023944,1330721014,1206,M.HAMZA                       ,Premier Sales Private Limited,75000,AGENT,15-Sep-2024,16:02:00,
3744050655,1330742769,143749,M.SOWAIS A.F                  ,Premier Sales Private Limited,177000,AGENT,15-Sep-2024,16:36:00,
3744073050,1330761006,189127,Shahbeh hydr,Premier Sales Private Limited,696900,AGENT,15-Sep-2024,17:03:00,
3744076372,1330763699,143799,M.ARSALAN (PH)                ,Premier Sales Private Limited,26000,AGENT,15-Sep-2024,17:07:00,
3744085697,1330771185,135239,RASHID,Premier Sales Private Limited,206760,AGENT,15-Sep-2024,17:20:00,
3744098527,1330781491,113800,Muhammad Awais,Premier Sales Private Limited,44160,AGENT,15-Sep-2024,17:39:00,
3744109312,1330790324,183164,IKRAM ULLAH KHAN S.V,Premier Sales Private Limited,150000,AGENT,15-Sep-2024,17:51:00,
3744109352,1330790363,15461,MUKHTIAR,Premier Sales Private Limited,300000,AGENT,15-Sep-2024,17:51:00,
3743928786,1330642545,1401012,JAHANZAIB (INST)              ,Premier Sales Private Limited,51270,AGENT,15-Sep-2024,13:55:00,
3743944621,1330655836,14045808,Talha,Premier Sales Private Limited,260000,AGENT,15-Sep-2024,14:16:00,
3743944724,1330655895,172172100290,SHAHZAD BHUTA-D0005OB30,Premier Sales Private Limited,90300,AGENT,15-Sep-2024,14:16:00,
3743976252,1330681802,143130,OWAIS (S/M)                   ,Premier Sales Private Limited,185000,AGENT,15-Sep-2024,15:01:00,
3743976405,1330681936,105935,Ahmed Faraz                   ,Premier Sales Private Limited,160000,AGENT,15-Sep-2024,15:01:00,
3743984496,1330688564,140396,Wahab Ghouri,Premier Sales Private Limited,220000,AGENT,15-Sep-2024,15:12:00,
3743998837,1330700797,1178,ADNAN SHERAZ,Premier Sales Private Limited,100000,AGENT,15-Sep-2024,15:30:00,
3744002858,1330704056,155127,MUHAMMAD ANWAR,Premier Sales Private Limited,88050,AGENT,15-Sep-2024,15:35:00,
3744014718,1330713462,155127,MUHAMMAD ANWAR,Premier Sales Private Limited,171100,AGENT,15-Sep-2024,15:49:00,
3744024264,1330721236,191177,Ibrahim,Premier Sales Private Limited,142360,AGENT,15-Sep-2024,16:02:00,
3744047393,1330740058,1206,M.HAMZA                       ,Premier Sales Private Limited,28500,AGENT,15-Sep-2024,16:32:00,
3744050922,1330742973,155127,MUHAMMAD ANWAR,Premier Sales Private Limited,38170,AGENT,15-Sep-2024,16:36:00,
3744058256,1330749120,1919,Amir Hanif,Premier Sales Private Limited,92300,AGENT,15-Sep-2024,16:45:00,
3744062122,1330752099,23234,SOHAIL,Premier Sales Private Limited,182740,AGENT,15-Sep-2024,16:50:00,
3744062138,1330752102,141453,A.AZEEM,Premier Sales Private Limited,112370,AGENT,15-Sep-2024,16:50:00,
3744065803,1330755130,105787,ARISH (SUP) AF                ,Premier Sales Private Limited,50000,AGENT,15-Sep-2024,16:54:00,
3744123293,1330801757,18066,Asadullah,Premier Sales Private Limited,423410,AGENT,15-Sep-2024,18:07:00,
3744123356,1330801804,141455,JANSHER,Premier Sales Private Limited,65500,AGENT,15-Sep-2024,18:07:00,
3744126781,1330804514,119169,NABEEL MALIK,Premier Sales Private Limited,32800,AGENT,15-Sep-2024,18:10:00,
3744132819,1330809522,23686,AB.KAREEM,Premier Sales Private Limited,128980,AGENT,15-Sep-2024,18:17:00,
3743966433,1330673758,189127,Shahbeh hydr,Premier Sales Private Limited,14750,AGENT,15-Sep-2024,14:46:00,
3743966482,1330673810,105787,ARISH (SUP) AF                ,Premier Sales Private Limited,19822,AGENT,15-Sep-2024,14:46:00,
3743969728,1330676459,251174100083,Rehan,Premier Sales Private Limited,277500,AGENT,15-Sep-2024,14:51:00,
3743972883,1330679030,1915,Rameez,Premier Sales Private Limited,112000,AGENT,15-Sep-2024,14:56:00,
3743976648,1330682139,26359,Khalid,Premier Sales Private Limited,76550,AGENT,15-Sep-2024,15:02:00,
3743984756,1330688790,140396,Wahab Ghouri,Premier Sales Private Limited,185000,AGENT,15-Sep-2024,15:12:00,
3743988389,1330691979,15399,MUKHTIAR (SAMI),Premier Sales Private Limited,163000,AGENT,15-Sep-2024,15:17:00,
3744000879,1330702533,104216,Mazhar,Premier Sales Private Limited,17000,AGENT,15-Sep-2024,15:32:00,
3744005700,1330706357,133306,JIBRAN ,Premier Sales Private Limited,176500,AGENT,15-Sep-2024,15:38:00,
3744027496,1330723861,183299,ARSHAD,Premier Sales Private Limited,14070,AGENT,15-Sep-2024,16:07:00,
3744030760,1330726260,158127,Usama  Khalid,Premier Sales Private Limited,17470,AGENT,15-Sep-2024,16:11:00,
3744033778,1330728630,117386,M Usman,Premier Sales Private Limited,33640,AGENT,15-Sep-2024,16:16:00,
3744033921,1330728748,1833,FARHAN,Premier Sales Private Limited,475540,AGENT,15-Sep-2024,16:16:00,
3744058734,1330749468,119246,Daniyal Nadeem                ,Premier Sales Private Limited,284500,AGENT,15-Sep-2024,16:46:00,
3744069905,1330758330,1206,M.HAMZA                       ,Premier Sales Private Limited,33720,AGENT,15-Sep-2024,16:59:00,
3744070014,1330758423,119215,Noor Ali                      ,Premier Sales Private Limited,66000,AGENT,15-Sep-2024,17:00:00,
3744073359,1330761265,183244,ADEEL CAKE,Premier Sales Private Limited,63000,AGENT,15-Sep-2024,17:04:00,
3744073378,1330761281,192114,Zahid,Premier Sales Private Limited,212650,AGENT,15-Sep-2024,17:04:00,
3744080244,1330766878,215126,salman,Premier Sales Private Limited,59350,AGENT,15-Sep-2024,17:12:00,
3744105927,1330787526,24193,ATTA UR REHMAN S.V,Premier Sales Private Limited,174500,AGENT,15-Sep-2024,17:47:00,
3744106094,1330787658,20035,EJAZ,Premier Sales Private Limited,245000,AGENT,15-Sep-2024,17:48:00,
3744116652,1330796406,15050,ABDUL MAJEED SOOMRO,Premier Sales Private Limited,73500,AGENT,15-Sep-2024,17:59:00,
3743929272,1330642972,133554,SHARIQ,Premier Sales Private Limited,141500,AGENT,15-Sep-2024,13:56:00,
3743966677,1330673958,15396,DILBAR (SAMI),Premier Sales Private Limited,261500,AGENT,15-Sep-2024,14:46:00,
3743985042,1330689048,140396,Wahab Ghouri,Premier Sales Private Limited,195000,AGENT,15-Sep-2024,15:12:00,
3743999215,1330701123,105787,ARISH (SUP) AF                ,Premier Sales Private Limited,114000,AGENT,15-Sep-2024,15:30:00,
3744005830,1330706492,200283,ADNAN,Premier Sales Private Limited,136000,AGENT,15-Sep-2024,15:38:00,
3744011937,1330711300,232178,FARHAT,Premier Sales Private Limited,200600,AGENT,15-Sep-2024,15:45:00,
3744015045,1330713770,1432445,Muhammad  Hamza               ,Premier Sales Private Limited,132540,AGENT,15-Sep-2024,15:49:00,
3744030986,1330726444,141384,JAWAID,Premier Sales Private Limited,159500,AGENT,15-Sep-2024,16:12:00,
3744040950,1330734543,14099917958,RIZWAN HUSSAIN,Premier Sales Private Limited,210000,AGENT,15-Sep-2024,16:25:00,
3744047902,1330740446,105787,ARISH (SUP) AF                ,Premier Sales Private Limited,223000,AGENT,15-Sep-2024,16:33:00,
3744073483,1330761412,143531,ABDUL SAMAD(A/F1)             ,Premier Sales Private Limited,28000,AGENT,15-Sep-2024,17:04:00,
3744077153,1330764368,15854,M. IMRAN (SM),Premier Sales Private Limited,238125,AGENT,15-Sep-2024,17:08:00,
3744077299,1330764492,183164,IKRAM ULLAH KHAN S.V,Premier Sales Private Limited,16000,AGENT,15-Sep-2024,17:08:00,
3744077358,1330764537,119132,ATHAR HUSSAIN                 ,Premier Sales Private Limited,226000,AGENT,15-Sep-2024,17:08:00,
3744089219,1330774001,105855,Faiz  Ahmed  Attari           ,Premier Sales Private Limited,65000,AGENT,15-Sep-2024,17:26:00,
3744092511,1330776547,18974,ABDUL MAJEED ,Premier Sales Private Limited,370100,AGENT,15-Sep-2024,17:31:00,
3744092576,1330776607,117951,M Farooq,Premier Sales Private Limited,74420,AGENT,15-Sep-2024,17:31:00,
3744092601,1330776619,200356,Rizwan,Premier Sales Private Limited,77000,AGENT,15-Sep-2024,17:31:00,
3744095689,1330779108,15358,MURTAZA (HILTON),Premier Sales Private Limited,325000,AGENT,15-Sep-2024,17:35:00,
3744110031,1330790909,26359,Khalid,Premier Sales Private Limited,273000,AGENT,15-Sep-2024,17:52:00,
3744116878,1330796560,110584,Hasnain Raza,Premier Sales Private Limited,500000,AGENT,15-Sep-2024,18:00:00,
3744116939,1330796608,1892,MUJAHID ALI ,Premier Sales Private Limited,333000,AGENT,15-Sep-2024,18:00:00,
3744120159,1330799301,15510,SAFDAR,Premier Sales Private Limited,190000,AGENT,15-Sep-2024,18:03:00,
3744120230,1330799362,23662,KRISHAN KUMAR,Premier Sales Private Limited,144900,AGENT,15-Sep-2024,18:03:00,
3744120281,1330799407,18023,SANAULLAH(PHARMA),Premier Sales Private Limited,550000,AGENT,15-Sep-2024,18:03:00,
3744127197,1330804874,141386,MUBEEN AHMED,Premier Sales Private Limited,268600,AGENT,15-Sep-2024,18:11:00,
3744133382,1330809991,155104,NADEEM HANIF,Premier Sales Private Limited,30575,AGENT,15-Sep-2024,18:18:00,
3743969966,1330676673,15510,SAFDAR,Premier Sales Private Limited,299450,AGENT,15-Sep-2024,14:52:00,
3743985271,1330689233,140396,Wahab Ghouri,Premier Sales Private Limited,200000,AGENT,15-Sep-2024,15:13:00,
3743988857,1330692363,104235,Rauf,Premier Sales Private Limited,107000,AGENT,15-Sep-2024,15:17:00,
3743996073,1330698409,24193,ATTA UR REHMAN S.V,Premier Sales Private Limited,31970,AGENT,15-Sep-2024,15:26:00,
3744003721,1330704790,120222,Muhammad  Aijaz               ,Premier Sales Private Limited,181860,AGENT,15-Sep-2024,15:36:00,
3744006130,1330706766,1659901017,JUNAID AHMED,Premier Sales Private Limited,124450,AGENT,15-Sep-2024,15:39:00,
3744012169,1330711487,189141,FAIZAN,Premier Sales Private Limited,86500,AGENT,15-Sep-2024,15:46:00,
3744015318,1330713996,15396,DILBAR (SAMI),Premier Sales Private Limited,240000,AGENT,15-Sep-2024,15:50:00,
3744021757,1330719275,117895,Muhammad Shan,Premier Sales Private Limited,200000,AGENT,15-Sep-2024,15:58:00,
3744024743,1330721692,1119991592,Zahid Ali Lashari,Premier Sales Private Limited,128380,AGENT,15-Sep-2024,16:03:00,
3744024810,1330721760,189127,Shahbeh hydr,Premier Sales Private Limited,167830,AGENT,15-Sep-2024,16:03:00,
3744034399,1330729090,1431758,Muhammad Yousuf               ,Premier Sales Private Limited,43700,AGENT,15-Sep-2024,16:17:00,
3744041141,1330734684,14099917958,RIZWAN HUSSAIN,Premier Sales Private Limited,170000,AGENT,15-Sep-2024,16:25:00,
3744051689,1330743632,119263,Muzammil,Premier Sales Private Limited,123150,AGENT,15-Sep-2024,16:37:00,
3744055442,1330746802,117259,ILYAS,Premier Sales Private Limited,58500,AGENT,15-Sep-2024,16:42:00,
3744062731,1330752651,20035,EJAZ,Premier Sales Private Limited,306500,AGENT,15-Sep-2024,16:51:00,
3744066593,1330755754,183225,MUMTAZ HUSSAIN S.V,Premier Sales Private Limited,279500,AGENT,15-Sep-2024,16:55:00,
3744070311,1330758634,183302,MEHMOOD CAKE,Premier Sales Private Limited,117000,AGENT,15-Sep-2024,17:00:00,
3744073530,1330761464,20035,EJAZ,Premier Sales Private Limited,195050,AGENT,15-Sep-2024,17:04:00,
3744095970,1330779338,11333,AMIR JUTT,Premier Sales Private Limited,253050,AGENT,15-Sep-2024,17:36:00,
3744103089,1330785217,15854,M. IMRAN (SM),Premier Sales Private Limited,55850,AGENT,15-Sep-2024,17:44:00,
3744103079,1330785222,113800,Muhammad Awais,Premier Sales Private Limited,104000,AGENT,15-Sep-2024,17:44:00,
3744106353,1330787891,20035,EJAZ,Premier Sales Private Limited,376500,AGENT,15-Sep-2024,17:48:00,
3744110110,1330791005,110584,Hasnain Raza,Premier Sales Private Limited,510250,AGENT,15-Sep-2024,17:52:00,
3744110246,1330791090,26359,Khalid,Premier Sales Private Limited,103500,AGENT,15-Sep-2024,17:52:00,
3744120452,1330799511,155104,NADEEM HANIF,Premier Sales Private Limited,190120,AGENT,15-Sep-2024,18:04:00,
3744123944,1330802264,141243,EJAZ,Premier Sales Private Limited,99000,AGENT,15-Sep-2024,18:07:00,
3744130876,1330807978,155193,Syed M Awais Shah  Bukhari,Premier Sales Private Limited,9500,AGENT,15-Sep-2024,18:15:00,
3744138513,1330814115,1173,SALEEM AKHTAR,Premier Sales Private Limited,100000,AGENT,15-Sep-2024,18:24:00,
3744140952,1330816114,1119991592,Zahid Ali Lashari,Premier Sales Private Limited,353000,AGENT,15-Sep-2024,18:27:00,
3743970118,1330676806,24193,ATTA UR REHMAN S.V,Premier Sales Private Limited,75500,AGENT,15-Sep-2024,14:52:00,
3743981628,1330686255,1051516,Muhammad Nabeel               ,Premier Sales Private Limited,186000,AGENT,15-Sep-2024,15:08:00,
3744015497,1330714171,155193,Syed M Awais Shah  Bukhari,Premier Sales Private Limited,125290,AGENT,15-Sep-2024,15:50:00,
3744015706,1330714336,15396,DILBAR (SAMI),Premier Sales Private Limited,158000,AGENT,15-Sep-2024,15:50:00,
3744024915,1330721836,166166000300,SAUD,Premier Sales Private Limited,159750,AGENT,15-Sep-2024,16:03:00,
3744028111,1330724337,131213,Ishtiaq,Premier Sales Private Limited,190000,AGENT,15-Sep-2024,16:07:00,
3744034480,1330729149,158127,Usama  Khalid,Premier Sales Private Limited,4100,AGENT,15-Sep-2024,16:17:00,
3744041205,1330734753,1206,M.HAMZA                       ,Premier Sales Private Limited,51370,AGENT,15-Sep-2024,16:25:00,
3744041388,1330734895,1402457,Zohaib,Premier Sales Private Limited,140000,AGENT,15-Sep-2024,16:25:00,
3744048301,1330740768,1898,KHURRAM ,Premier Sales Private Limited,142460,AGENT,15-Sep-2024,16:33:00,
3744070424,1330758736,26336,Kashif Zia,Premier Sales Private Limited,96770,AGENT,15-Sep-2024,17:00:00,
3744073820,1330761692,13350,AKTER,Premier Sales Private Limited,683320,AGENT,15-Sep-2024,17:04:00,
3744073862,1330761724,143531,ABDUL SAMAD(A/F1)             ,Premier Sales Private Limited,106510,AGENT,15-Sep-2024,17:04:00,
3744077541,1330764716,15358,MURTAZA (HILTON),Premier Sales Private Limited,130000,AGENT,15-Sep-2024,17:09:00,
3744077590,1330764783,200240,ALEEM,Premier Sales Private Limited,180000,AGENT,15-Sep-2024,17:09:00,
3744089489,1330774212,191233,Owais,Premier Sales Private Limited,500000,AGENT,15-Sep-2024,17:26:00,
3744096022,1330779399,15099,JUNAID KHATTI,Premier Sales Private Limited,330250,AGENT,15-Sep-2024,17:36:00,
3744103412,1330785496,135437,SAHAB,Premier Sales Private Limited,100000,AGENT,15-Sep-2024,17:44:00,
3744117275,1330796827,121178,RAMEEZ RAJA HULLIO,Premier Sales Private Limited,159000,AGENT,15-Sep-2024,18:00:00,
3744120676,1330799672,121211,Masood Ahmed,Premier Sales Private Limited,101400,AGENT,15-Sep-2024,18:04:00,
3744130953,1330808063,15035,ANWER ALI SOOOMRO,Premier Sales Private Limited,192500,AGENT,15-Sep-2024,18:15:00,
3744133823,1330810338,15082,FAZAL TALPUR,Premier Sales Private Limited,100000,AGENT,15-Sep-2024,18:18:00,
3743933970,1330646804,189127,Shahbeh hydr,Premier Sales Private Limited,23500,AGENT,15-Sep-2024,14:02:00,
3743946024,1330656972,14045808,Talha,Premier Sales Private Limited,200000,AGENT,15-Sep-2024,14:17:00,
3743964300,1330672030,133554,SHARIQ,Premier Sales Private Limited,222480,AGENT,15-Sep-2024,14:42:00,
3743977453,1330682855,26359,Khalid,Premier Sales Private Limited,96340,AGENT,15-Sep-2024,15:03:00,
3743989455,1330692861,113824,Mushtaq Azam,Premier Sales Private Limited,300000,AGENT,15-Sep-2024,15:18:00,
3744001753,1330703231,113800,Muhammad Awais,Premier Sales Private Limited,10000,AGENT,15-Sep-2024,15:33:00,
3744004208,1330705157,241133,EBAD,Premier Sales Private Limited,37000,AGENT,15-Sep-2024,15:36:00,
3744012541,1330711793,232165,KHALID EJAZ,Premier Sales Private Limited,148800,AGENT,15-Sep-2024,15:46:00,
3744034771,1330729393,18334,IMRAN,Premier Sales Private Limited,63500,AGENT,15-Sep-2024,16:17:00,
3744063255,1330753028,105648,ASIF AHMED A/F-1              ,Premier Sales Private Limited,132000,AGENT,15-Sep-2024,16:51:00,
3744084044,1330769832,189127,Shahbeh hydr,Premier Sales Private Limited,250000,AGENT,15-Sep-2024,17:18:00,
3744089840,1330774510,15884,SAQIB RAZA,Premier Sales Private Limited,115860,AGENT,15-Sep-2024,17:27:00,
3744089896,1330774562,1206,M.HAMZA                       ,Premier Sales Private Limited,443500,AGENT,15-Sep-2024,17:27:00,
3744099893,1330782635,119246,Daniyal Nadeem                ,Premier Sales Private Limited,65450,AGENT,15-Sep-2024,17:40:00,
3744103607,1330785656,1178,ADNAN SHERAZ,Premier Sales Private Limited,34400,AGENT,15-Sep-2024,17:44:00,
3744139032,1330814534,111335,Hammad Ali,Premier Sales Private Limited,230000,AGENT,15-Sep-2024,18:24:00,
3743967380,1330674551,117386,M Usman,Premier Sales Private Limited,19850,AGENT,15-Sep-2024,14:47:00,
3743973918,1330679856,172172100116,Arslan-D0005OB33,Premier Sales Private Limited,106340,AGENT,15-Sep-2024,14:58:00,
3743974038,1330679954,13315,ADEEL,Premier Sales Private Limited,115000,AGENT,15-Sep-2024,14:58:00,
3743977734,1330683075,26359,Khalid,Premier Sales Private Limited,12440,AGENT,15-Sep-2024,15:03:00,
3743977892,1330683206,26359,Khalid,Premier Sales Private Limited,94500,AGENT,15-Sep-2024,15:03:00,
3744012830,1330712037,119271,Anas,Premier Sales Private Limited,429000,AGENT,15-Sep-2024,15:47:00,
3744019366,1330717365,119234,Adnan Shah                    ,Premier Sales Private Limited,259500,AGENT,15-Sep-2024,15:55:00,
3744041603,1330735075,1402457,Zohaib,Premier Sales Private Limited,185000,AGENT,15-Sep-2024,16:25:00,
3744044947,1330737973,215126,salman,Premier Sales Private Limited,265470,AGENT,15-Sep-2024,16:30:00,
3744048806,1330741218,117299,AWAIS (PHARMA),Premier Sales Private Limited,45800,AGENT,15-Sep-2024,16:34:00,
3744063397,1330753158,119169,NABEEL MALIK,Premier Sales Private Limited,137500,AGENT,15-Sep-2024,16:52:00,
3744078091,1330765191,215136,IRSHAD ALAM,Premier Sales Private Limited,210000,AGENT,15-Sep-2024,17:09:00,
3744081050,1330767546,1206,M.HAMZA                       ,Premier Sales Private Limited,181400,AGENT,15-Sep-2024,17:14:00,
3744087215,1330772334,119222,Aijaz                         ,Premier Sales Private Limited,212030,AGENT,15-Sep-2024,17:23:00,
3744099999,1330782705,133316,ISHTIAQ,Premier Sales Private Limited,500000,AGENT,15-Sep-2024,17:40:00,
3744121052,1330799973,23686,AB.KAREEM,Premier Sales Private Limited,97230,AGENT,15-Sep-2024,18:04:00,
3744131532,1330808517,150101,GHULAM MUSTAFA SOOMRO,Premier Sales Private Limited,199400,AGENT,15-Sep-2024,18:16:00,
3744136813,1330812677,150107,ABDUL JALIL MALLAH,Premier Sales Private Limited,74400,AGENT,15-Sep-2024,18:21:00,
3744139367,1330814812,110695,M Hasnat,Premier Sales Private Limited,609820,AGENT,15-Sep-2024,18:25:00,
3743934649,1330647473,183276,SARFARAZ,Premier Sales Private Limited,19500,AGENT,15-Sep-2024,14:03:00,
3743950742,1330660638,14045808,Talha,Premier Sales Private Limited,55000,AGENT,15-Sep-2024,14:23:00,
3743958195,1330666949,119255,Akhter Ali                    ,Premier Sales Private Limited,47040,AGENT,15-Sep-2024,14:32:00,
3743961420,1330669566,18975,Aamir,Premier Sales Private Limited,18000,AGENT,15-Sep-2024,14:37:00,
3743978051,1330683337,26359,Khalid,Premier Sales Private Limited,50340,AGENT,15-Sep-2024,15:03:00,
3743978067,1330683351,241105,DANIAL,Premier Sales Private Limited,24500,AGENT,15-Sep-2024,15:04:00,
3744004405,1330705320,133656,NADEEM,Premier Sales Private Limited,233300,AGENT,15-Sep-2024,15:36:00,
3744004624,1330705502,1051463,Ahsan Aftab,Premier Sales Private Limited,92500,AGENT,15-Sep-2024,15:37:00,
3744013030,1330712194,113822,Ghaffar Hussain,Premier Sales Private Limited,245500,AGENT,15-Sep-2024,15:47:00,
3744028600,1330724676,133584,FURQAN ,Premier Sales Private Limited,123500,AGENT,15-Sep-2024,16:08:00,
3744031882,1330727101,1659900793,NAVEED SALEEM ,Premier Sales Private Limited,98000,AGENT,15-Sep-2024,16:13:00,
3744042064,1330735457,140396,Wahab Ghouri,Premier Sales Private Limited,165000,AGENT,15-Sep-2024,16:26:00,
3744059917,1330750391,1659900999,ASFER,Premier Sales Private Limited,83000,AGENT,15-Sep-2024,16:47:00,
3744063731,1330753439,105855,Faiz  Ahmed  Attari           ,Premier Sales Private Limited,292000,AGENT,15-Sep-2024,16:52:00,
3744074434,1330762137,19235,Shehroze,Premier Sales Private Limited,356000,AGENT,15-Sep-2024,17:05:00,
3744084245,1330770032,110627,Raza Khan,Premier Sales Private Limited,399170,AGENT,15-Sep-2024,17:18:00,
3744087244,1330772368,15082,FAZAL TALPUR,Premier Sales Private Limited,260000,AGENT,15-Sep-2024,17:23:00,
3744090269,1330774853,1206,M.HAMZA                       ,Premier Sales Private Limited,100000,AGENT,15-Sep-2024,17:27:00,
3744100250,1330782902,15028,GHULAM QADIR SOOMRO,Premier Sales Private Limited,301500,AGENT,15-Sep-2024,17:41:00,
3744111185,1330791869,1401301,ATEEQ MALIK PH NEW,Premier Sales Private Limited,120000,AGENT,15-Sep-2024,17:53:00,
3744131619,1330808581,117948,Ali  Raza,Premier Sales Private Limited,249000,AGENT,15-Sep-2024,18:16:00,
3744134351,1330810708,1894,FAISAL SIDDIQUI,Premier Sales Private Limited,648000,AGENT,15-Sep-2024,18:19:00,
3744134487,1330810854,119252,Muhammad  Wasi                ,Premier Sales Private Limited,36300,AGENT,15-Sep-2024,18:19:00,
3743930873,1330644270,17899296,Hameed Ur Reham,Premier Sales Private Limited,42500,AGENT,15-Sep-2024,13:58:00,
3743942657,1330654131,120199,Momin                         ,Premier Sales Private Limited,204000,AGENT,15-Sep-2024,14:13:00,
3743946692,1330657529,166166000196,RAMEESH,Premier Sales Private Limited,50500,AGENT,15-Sep-2024,14:18:00,
3743961654,1330669767,1432427,Suhaib Ahmed                  ,Premier Sales Private Limited,127000,AGENT,15-Sep-2024,14:38:00,
3744016556,1330715120,117787,AYZAZ AHMAD,Premier Sales Private Limited,368000,AGENT,15-Sep-2024,15:51:00,
3744025797,1330722532,1432585,Adnan Mumtaz                  ,Premier Sales Private Limited,140000,AGENT,15-Sep-2024,16:04:00,
3744042117,1330735502,105935,Ahmed Faraz                   ,Premier Sales Private Limited,80000,AGENT,15-Sep-2024,16:26:00,
3744045346,1330738331,24193,ATTA UR REHMAN S.V,Premier Sales Private Limited,118000,AGENT,15-Sep-2024,16:30:00,
3744045598,1330738541,24193,ATTA UR REHMAN S.V,Premier Sales Private Limited,216000,AGENT,15-Sep-2024,16:31:00,
3744056618,1330747780,119265,Lokesh Kumar,Premier Sales Private Limited,153170,AGENT,15-Sep-2024,16:43:00,
3744060219,1330750631,189148,SALEEM,Premier Sales Private Limited,170200,AGENT,15-Sep-2024,16:48:00,
3744060336,1330750726,105787,ARISH (SUP) AF                ,Premier Sales Private Limited,207000,AGENT,15-Sep-2024,16:48:00,
3744078384,1330765457,119252,Muhammad  Wasi                ,Premier Sales Private Limited,188500,AGENT,15-Sep-2024,17:10:00,
3744087568,1330772620,113550,TAJAMMAL HUSSAIN,Premier Sales Private Limited,700000,AGENT,15-Sep-2024,17:23:00,
3744090458,1330774977,15854,M. IMRAN (SM),Premier Sales Private Limited,263440,AGENT,15-Sep-2024,17:28:00,
3744090485,1330774991,1432636,Muhammad  Aashir              ,Premier Sales Private Limited,143000,AGENT,15-Sep-2024,17:28:00,
3744100506,1330783092,117650,Naveed Iqbal,Premier Sales Private Limited,58600,AGENT,15-Sep-2024,17:41:00,
3744100549,1330783140,133316,ISHTIAQ,Premier Sales Private Limited,400500,AGENT,15-Sep-2024,17:41:00,
3744100586,1330783186,135391,ALLAH BUKSH,Premier Sales Private Limited,116500,AGENT,15-Sep-2024,17:41:00,
3744111305,1330791968,183264,Muhammad  Imran,Premier Sales Private Limited,34050,AGENT,15-Sep-2024,17:53:00,
3744125031,1330803170,110584,Hasnain Raza,Premier Sales Private Limited,109000,AGENT,15-Sep-2024,18:09:00,
3744134739,1330811054,158139,Muhammad  Waqar,Premier Sales Private Limited,131410,AGENT,15-Sep-2024,18:19:00,
3744134763,1330811089,23685,QAYOOM,Premier Sales Private Limited,340000,AGENT,15-Sep-2024,18:19:00,
3744137222,1330813015,215120,ASGHAR,Premier Sales Private Limited,250000,AGENT,15-Sep-2024,18:22:00,
3744142084,1330817102,183304,ANAS EXTRA,Premier Sales Private Limited,135330,AGENT,15-Sep-2024,18:28:00,
3743931206,1330644524,104235,Rauf,Premier Sales Private Limited,53500,AGENT,15-Sep-2024,13:58:00,
3743961860,1330669981,1178,ADNAN SHERAZ,Premier Sales Private Limited,32000,AGENT,15-Sep-2024,14:38:00,
3743974528,1330680350,105623,HYDAR BK                      ,Premier Sales Private Limited,86000,AGENT,15-Sep-2024,14:59:00,
3744010403,1330710072,110719,Mannan,Premier Sales Private Limited,53200,AGENT,15-Sep-2024,15:44:00,
3744016762,1330715325,1178,ADNAN SHERAZ,Premier Sales Private Limited,52750,AGENT,15-Sep-2024,15:51:00,
3744019832,1330717706,143531,ABDUL SAMAD(A/F1)             ,Premier Sales Private Limited,135000,AGENT,15-Sep-2024,15:55:00,
3744035412,1330729949,117299,AWAIS (PHARMA),Premier Sales Private Limited,77000,AGENT,15-Sep-2024,16:18:00,
3744056825,1330747967,105787,ARISH (SUP) AF                ,Premier Sales Private Limited,74500,AGENT,15-Sep-2024,16:43:00,
3744057038,1330748119,17899310,M Mushtaq-D0003OB57,Premier Sales Private Limited,183200,AGENT,15-Sep-2024,16:44:00,
3744060552,1330750903,11172,MUBASHIR,Premier Sales Private Limited,86800,AGENT,15-Sep-2024,16:48:00,
3744071557,1330759715,105787,ARISH (SUP) AF                ,Premier Sales Private Limited,180000,AGENT,15-Sep-2024,17:01:00,
3744084673,1330770354,189127,Shahbeh hydr,Premier Sales Private Limited,150090,AGENT,15-Sep-2024,17:19:00,
3744084780,1330770445,135363,ASIF   ,Premier Sales Private Limited,56450,AGENT,15-Sep-2024,17:19:00,
3744087636,1330772685,150107,ABDUL JALIL MALLAH,Premier Sales Private Limited,5000,AGENT,15-Sep-2024,17:23:00,
3744097364,1330780504,131858,Akhter,Premier Sales Private Limited,273400,AGENT,15-Sep-2024,17:37:00,
3744100825,1330783360,121196,Sahil,Premier Sales Private Limited,20000,AGENT,15-Sep-2024,17:41:00,
3744114603,1330794778,117895,Muhammad Shan,Premier Sales Private Limited,79400,AGENT,15-Sep-2024,17:57:00,
3744114680,1330794861,155104,NADEEM HANIF,Premier Sales Private Limited,262250,AGENT,15-Sep-2024,17:57:00,
3744139913,1330815285,1119991592,Zahid Ali Lashari,Premier Sales Private Limited,178800,AGENT,15-Sep-2024,18:25:00,
3744147921,1330821724,20050,ANWER,Premier Sales Private Limited,230000,AGENT,15-Sep-2024,18:36:00,
3744150924,1330824112,1432636,Muhammad  Aashir              ,Premier Sales Private Limited,299500,AGENT,15-Sep-2024,18:40:00,
3744151021,1330824186,119261,M Roshan,Premier Sales Private Limited,523370,AGENT,15-Sep-2024,18:40:00,
3743971266,1330677753,105288,SHADAB                        ,Premier Sales Private Limited,169000,AGENT,15-Sep-2024,14:54:00,
3743974888,1330680654,105401,S.RIZWAN SUPERVISOR           ,Premier Sales Private Limited,27000,AGENT,15-Sep-2024,14:59:00,
3743986688,1330690536,14026233,Ahsan,Premier Sales Private Limited,230000,AGENT,15-Sep-2024,15:15:00,
3744013815,1330712739,117950,Muhammad  Abdul  Azeem,Premier Sales Private Limited,60000,AGENT,15-Sep-2024,15:48:00,
3744013849,1330712778,119234,Adnan Shah                    ,Premier Sales Private Limited,213000,AGENT,15-Sep-2024,15:48:00,
3744016979,1330715500,1432428,Naveed Naseem                 ,Premier Sales Private Limited,188000,AGENT,15-Sep-2024,15:51:00,
3744023059,1330720320,16016010155,Muhammad Tariq,Premier Sales Private Limited,79000,AGENT,15-Sep-2024,16:00:00,
3744032520,1330727563,155193,Syed M Awais Shah  Bukhari,Premier Sales Private Limited,8050,AGENT,15-Sep-2024,16:14:00,
3744035611,1330730102,111335,Hammad Ali,Premier Sales Private Limited,397000,AGENT,15-Sep-2024,16:18:00,
3744071784,1330759887,119255,Akhter Ali                    ,Premier Sales Private Limited,39000,AGENT,15-Sep-2024,17:02:00,
3744075019,1330762628,191154,Aftab,Premier Sales Private Limited,100000,AGENT,15-Sep-2024,17:06:00,
3744078814,1330765787,200324,FIDA,Premier Sales Private Limited,320800,AGENT,15-Sep-2024,17:10:00,
3744107918,1330789200,183164,IKRAM ULLAH KHAN S.V,Premier Sales Private Limited,127420,AGENT,15-Sep-2024,17:49:00,
3744111736,1330792302,133634,AMIR HAMZA,Premier Sales Private Limited,133829,AGENT,15-Sep-2024,17:54:00,
3744118570,1330797902,18075,M Ashan Riaz,Premier Sales Private Limited,450000,AGENT,15-Sep-2024,18:02:00,
3744135189,1330811429,158139,Muhammad  Waqar,Premier Sales Private Limited,200000,AGENT,15-Sep-2024,18:20:00,
3744137638,1330813341,215126,salman,Premier Sales Private Limited,217000,AGENT,15-Sep-2024,18:22:00,
3744137710,1330813419,23652,RIZWAN,Premier Sales Private Limited,211270,AGENT,15-Sep-2024,18:23:00,
3744140189,1330815491,111335,Hammad Ali,Premier Sales Private Limited,500000,AGENT,15-Sep-2024,18:26:00,
3744149457,1330822858,117952,Muhammad  Ahad  Atta,Premier Sales Private Limited,200000,AGENT,15-Sep-2024,18:38:00,
3744151894,1330824806,192114,Zahid,Premier Sales Private Limited,168500,AGENT,15-Sep-2024,18:41:00,
3743931532,1330644801,133441,OWAIS,Premier Sales Private Limited,123500,AGENT,15-Sep-2024,13:59:00,
3743965353,1330672913,1178,ADNAN SHERAZ,Premier Sales Private Limited,30580,AGENT,15-Sep-2024,14:44:00,
3743965370,1330672929,105787,ARISH (SUP) AF                ,Premier Sales Private Limited,38150,AGENT,15-Sep-2024,14:44:00,
3744017173,1330715672,172172100120,Hamid-D0005OB35,Premier Sales Private Limited,33290,AGENT,15-Sep-2024,15:52:00,
3744029556,1330725377,241103,ADEEL ,Premier Sales Private Limited,57200,AGENT,15-Sep-2024,16:10:00,
3744029560,1330725390,172172100350,M ZEESHAN-D0005OB31,Premier Sales Private Limited,118690,AGENT,15-Sep-2024,16:10:00,
3744032703,1330727668,192114,Zahid,Premier Sales Private Limited,852390,AGENT,15-Sep-2024,16:14:00,
3744046264,1330739116,119251,M Ahmed                       ,Premier Sales Private Limited,277600,AGENT,15-Sep-2024,16:31:00,
3744046286,1330739138,16016010197,Noman  Umar,Premier Sales Private Limited,58240,AGENT,15-Sep-2024,16:31:00,
3744060931,1330751174,105787,ARISH (SUP) AF                ,Premier Sales Private Limited,166000,AGENT,15-Sep-2024,16:48:00,
3744061032,1330751252,166166000063,AMIR HAFEEZ,Premier Sales Private Limited,200200,AGENT,15-Sep-2024,16:49:00,
3744068420,1330757231,26222,Ali Sher,Premier Sales Private Limited,285790,AGENT,15-Sep-2024,16:58:00,
3744072111,1330760143,155127,MUHAMMAD ANWAR,Premier Sales Private Limited,80000,AGENT,15-Sep-2024,17:02:00,
3744075280,1330762840,191154,Aftab,Premier Sales Private Limited,225000,AGENT,15-Sep-2024,17:06:00,
3744088031,1330773010,113550,TAJAMMAL HUSSAIN,Premier Sales Private Limited,406000,AGENT,15-Sep-2024,17:24:00,
3744088077,1330773045,119246,Daniyal Nadeem                ,Premier Sales Private Limited,159500,AGENT,15-Sep-2024,17:24:00,
3744091030,1330775387,119222,Aijaz                         ,Premier Sales Private Limited,77500,AGENT,15-Sep-2024,17:28:00,
3744108155,1330789374,140572,M.FAREED                      ,Premier Sales Private Limited,200000,AGENT,15-Sep-2024,17:50:00,
3744108423,1330789573,140572,M.FAREED                      ,Premier Sales Private Limited,35000,AGENT,15-Sep-2024,17:50:00,
3744115227,1330795282,133133,Ehtisham,Premier Sales Private Limited,175030,AGENT,15-Sep-2024,17:58:00,
3744118907,1330798134,15510,SAFDAR,Premier Sales Private Limited,280180,AGENT,15-Sep-2024,18:02:00,
3744125535,1330803572,141429,M.YASEEN,Premier Sales Private Limited,173500,AGENT,15-Sep-2024,18:09:00,
3744140393,1330815600,1119991592,Zahid Ali Lashari,Premier Sales Private Limited,584420,AGENT,15-Sep-2024,18:26:00,
3744152174,1330824998,23269,IRFAN,Premier Sales Private Limited,60450,AGENT,15-Sep-2024,18:42:00,
3743943717,1330655073,241096,REHMAN,Premier Sales Private Limited,38640,AGENT,15-Sep-2024,14:14:00,
3743943846,1330655175,14045808,Talha,Premier Sales Private Limited,350000,AGENT,15-Sep-2024,14:15:00,
3744023434,1330720623,119225,Abdul Rehman                  ,Premier Sales Private Limited,271830,AGENT,15-Sep-2024,16:01:00,
3744026501,1330723100,104208,Shoaib,Premier Sales Private Limited,322500,AGENT,15-Sep-2024,16:05:00,
3744057557,1330748557,120214,Abdul  Wahab                  ,Premier Sales Private Limited,206640,AGENT,15-Sep-2024,16:44:00,
3744064678,1330754244,105787,ARISH (SUP) AF                ,Premier Sales Private Limited,96500,AGENT,15-Sep-2024,16:53:00,
3744082210,1330768519,120214,Abdul  Wahab                  ,Premier Sales Private Limited,85430,AGENT,15-Sep-2024,17:15:00,
3744085198,1330770782,117299,AWAIS (PHARMA),Premier Sales Private Limited,34000,AGENT,15-Sep-2024,17:20:00,
3744094607,1330778198,121178,RAMEEZ RAJA HULLIO,Premier Sales Private Limited,600000,AGENT,15-Sep-2024,17:34:00,
3744101527,1330783983,20035,EJAZ,Premier Sales Private Limited,163510,AGENT,15-Sep-2024,17:42:00,
3744108486,1330789618,15364,JAGDISH (PHARMA),Premier Sales Private Limited,313000,AGENT,15-Sep-2024,17:50:00,
3744108633,1330789751,183164,IKRAM ULLAH KHAN S.V,Premier Sales Private Limited,188500,AGENT,15-Sep-2024,17:50:00,
3744112177,1330792680,155104,NADEEM HANIF,Premier Sales Private Limited,250000,AGENT,15-Sep-2024,17:54:00,
3744125665,1330803697,191154,Aftab,Premier Sales Private Limited,200000,AGENT,15-Sep-2024,18:09:00,
3744148612,1330822254,20050,ANWER,Premier Sales Private Limited,41700,AGENT,15-Sep-2024,18:37:00,
3744150808,1330824024,117952,Muhammad  Ahad  Atta,Premier Sales Private Limited,243330,AGENT,15-Sep-2024,18:40:00,
3744152280,1330825081,200344,MOIZ,Premier Sales Private Limited,227500,AGENT,15-Sep-2024,18:42:00,
3744152362,1330825152,1051472,Muhammad Ali                  ,Premier Sales Private Limited,229000,AGENT,15-Sep-2024,18:42:00,
3744152917,1330825581,20035,EJAZ,Premier Sales Private Limited,350000,AGENT,15-Sep-2024,18:43:00,
3744200837,1330865722,136237,SIDDIQ,Premier Sales Private Limited,294000,AGENT,15-Sep-2024,19:37:00,
3744204207,1330868648,136231,AYAZ,Premier Sales Private Limited,189500,AGENT,15-Sep-2024,19:41:00,
3744207547,1330871389,158130,Mamoon  Asif,Premier Sales Private Limited,273530,AGENT,15-Sep-2024,19:44:00,
3744211991,1330875056,192153,Rasool,Premier Sales Private Limited,144000,AGENT,15-Sep-2024,19:49:00,
3744217329,1330879794,135437,SAHAB,Premier Sales Private Limited,142000,AGENT,15-Sep-2024,19:55:00,
3744224202,1330885887,110584,Hasnain Raza,Premier Sales Private Limited,700160,AGENT,15-Sep-2024,20:04:00,
3744281562,1330935146,23636,NADEEM BAIG,Premier Sales Private Limited,100000,AGENT,15-Sep-2024,21:13:00,
3744160208,1330831484,20035,EJAZ,Premier Sales Private Limited,151050,AGENT,15-Sep-2024,18:53:00,
3744166751,1330837072,117761,MINHAJ ALI,Premier Sales Private Limited,121860,AGENT,15-Sep-2024,19:00:00,
3744173646,1330842706,158100,Shazad Muneer,Premier Sales Private Limited,300000,AGENT,15-Sep-2024,19:08:00,
3744181098,1330848924,119171,AZHAR DM OUT                  ,Premier Sales Private Limited,62500,AGENT,15-Sep-2024,19:16:00,
3744217507,1330879937,135437,SAHAB,Premier Sales Private Limited,105000,AGENT,15-Sep-2024,19:55:00,
3744263609,1330919618,136182,MANSOOR,Premier Sales Private Limited,25000,AGENT,15-Sep-2024,20:52:00,
3744297818,1330949404,232160,NASEEM,Premier Sales Private Limited,500000,AGENT,15-Sep-2024,21:36:00,
3744166952,1330837218,131847,Osama Tahir,Premier Sales Private Limited,194000,AGENT,15-Sep-2024,19:00:00,
3744173727,1330842781,1178,ADNAN SHERAZ,Premier Sales Private Limited,48820,AGENT,15-Sep-2024,19:08:00,
3744201282,1330866092,136226,Kamran,Premier Sales Private Limited,200000,AGENT,15-Sep-2024,19:38:00,
3744207989,1330871747,158130,Mamoon  Asif,Premier Sales Private Limited,253490,AGENT,15-Sep-2024,19:45:00,
3744211543,1330874707,119228,Muhammad Hasnain              ,Premier Sales Private Limited,36000,AGENT,15-Sep-2024,19:48:00,
3744217738,1330880104,135437,SAHAB,Premier Sales Private Limited,240000,AGENT,15-Sep-2024,19:55:00,
3744219169,1330881362,15842,SHAHZAD (SM),Premier Sales Private Limited,384610,AGENT,15-Sep-2024,19:57:00,
3744224661,1330886248,1891,Adnan hussain,Premier Sales Private Limited,329100,AGENT,15-Sep-2024,20:04:00,
3744154089,1330826558,20035,EJAZ,Premier Sales Private Limited,380000,AGENT,15-Sep-2024,18:44:00,
3744170629,1330840201,1178,ADNAN SHERAZ,Premier Sales Private Limited,78750,AGENT,15-Sep-2024,19:04:00,
3744174012,1330842997,158100,Shazad Muneer,Premier Sales Private Limited,202620,AGENT,15-Sep-2024,19:08:00,
3744212660,1330875675,192172,Qadeer,Premier Sales Private Limited,315000,AGENT,15-Sep-2024,19:49:00,
3744216330,1330879011,119171,AZHAR DM OUT                  ,Premier Sales Private Limited,203330,AGENT,15-Sep-2024,19:53:00,
3744222830,1330884564,20035,EJAZ,Premier Sales Private Limited,193590,AGENT,15-Sep-2024,20:02:00,
3744224777,1330886350,191154,Aftab,Premier Sales Private Limited,488260,AGENT,15-Sep-2024,20:04:00,
3744227212,1330888319,12011,MUHAMMAD ALI                  ,Premier Sales Private Limited,1500,AGENT,15-Sep-2024,20:08:00,
3744227275,1330888375,15082,FAZAL TALPUR,Premier Sales Private Limited,64000,AGENT,15-Sep-2024,20:08:00,
3744154407,1330826820,23685,QAYOOM,Premier Sales Private Limited,220000,AGENT,15-Sep-2024,18:45:00,
3744160644,1330831843,200284,ZAHID,Premier Sales Private Limited,108000,AGENT,15-Sep-2024,18:53:00,
3744178010,1330846367,117761,MINHAJ ALI,Premier Sales Private Limited,250440,AGENT,15-Sep-2024,19:12:00,
3744201624,1330866377,136226,Kamran,Premier Sales Private Limited,200030,AGENT,15-Sep-2024,19:38:00,
3744204947,1330869255,136226,Kamran,Premier Sales Private Limited,190000,AGENT,15-Sep-2024,19:41:00,
3744208457,1330872138,158130,Mamoon  Asif,Premier Sales Private Limited,250000,AGENT,15-Sep-2024,19:45:00,
3744216573,1330879209,133327,RASHID ,Premier Sales Private Limited,301070,AGENT,15-Sep-2024,19:54:00,
3744219451,1330881603,15842,SHAHZAD (SM),Premier Sales Private Limited,321000,AGENT,15-Sep-2024,19:57:00,
3744221136,1330883100,135437,SAHAB,Premier Sales Private Limited,206000,AGENT,15-Sep-2024,20:00:00,
3744244468,1330903234,1832,EHSAAN,Premier Sales Private Limited,95000,AGENT,15-Sep-2024,20:29:00,
3744167459,1330837652,131847,Osama Tahir,Premier Sales Private Limited,175500,AGENT,15-Sep-2024,19:01:00,
3744174309,1330843260,158100,Shazad Muneer,Premier Sales Private Limited,250000,AGENT,15-Sep-2024,19:08:00,
3744181857,1330849520,133632,MOOSA,Premier Sales Private Limited,254000,AGENT,15-Sep-2024,19:17:00,
3744188296,1330855042,110590,Azib Hussain Ansari,Premier Sales Private Limited,428500,AGENT,15-Sep-2024,19:24:00,
3744191889,1330858163,20035,EJAZ,Premier Sales Private Limited,390000,AGENT,15-Sep-2024,19:28:00,
3744205446,1330869591,136226,Kamran,Premier Sales Private Limited,117850,AGENT,15-Sep-2024,19:42:00,
3744216672,1330879278,20035,EJAZ,Premier Sales Private Limited,227000,AGENT,15-Sep-2024,19:54:00,
3744247921,1330906102,135437,SAHAB,Premier Sales Private Limited,89660,AGENT,15-Sep-2024,20:33:00,
3744254505,1330911761,192199,Zia,Premier Sales Private Limited,17150,AGENT,15-Sep-2024,20:41:00,
3744157856,1330829573,133554,SHARIQ,Premier Sales Private Limited,189000,AGENT,15-Sep-2024,18:49:00,
3744161018,1330832145,20035,EJAZ,Premier Sales Private Limited,117460,AGENT,15-Sep-2024,18:54:00,
3744167948,1330837896,1178,ADNAN SHERAZ,Premier Sales Private Limited,43000,AGENT,15-Sep-2024,19:01:00,
3744174578,1330843490,158100,Shazad Muneer,Premier Sales Private Limited,150000,AGENT,15-Sep-2024,19:09:00,
3744192004,1330858236,133316,ISHTIAQ,Premier Sales Private Limited,196240,AGENT,15-Sep-2024,19:28:00,
3744216914,1330879497,119228,Muhammad Hasnain              ,Premier Sales Private Limited,330670,AGENT,15-Sep-2024,19:54:00,
3744217038,1330879563,135437,SAHAB,Premier Sales Private Limited,232500,AGENT,15-Sep-2024,19:54:00,
3744219825,1330881924,15842,SHAHZAD (SM),Premier Sales Private Limited,300000,AGENT,15-Sep-2024,19:58:00,
3744225395,1330886885,110584,Hasnain Raza,Premier Sales Private Limited,637400,AGENT,15-Sep-2024,20:05:00,
3744232382,1330892774,2637,Hammad,Premier Sales Private Limited,212000,AGENT,15-Sep-2024,20:15:00,
3744295972,1330947749,20035,EJAZ,Premier Sales Private Limited,107350,AGENT,15-Sep-2024,21:34:00,
3744174670,1330843570,117761,MINHAJ ALI,Premier Sales Private Limited,165500,AGENT,15-Sep-2024,19:09:00,
3744182176,1330849854,117761,MINHAJ ALI,Premier Sales Private Limited,459890,AGENT,15-Sep-2024,19:17:00,
3744192384,1330858516,20035,EJAZ,Premier Sales Private Limited,410000,AGENT,15-Sep-2024,19:28:00,
3744192443,1330858577,119261,M Roshan,Premier Sales Private Limited,150000,AGENT,15-Sep-2024,19:28:00,
3744202200,1330866902,136226,Kamran,Premier Sales Private Limited,200300,AGENT,15-Sep-2024,19:39:00,
3744209077,1330872674,158130,Mamoon  Asif,Premier Sales Private Limited,89000,AGENT,15-Sep-2024,19:46:00,
3744296168,1330947923,20035,EJAZ,Premier Sales Private Limited,204500,AGENT,15-Sep-2024,21:34:00,
3744155023,1330827300,20035,EJAZ,Premier Sales Private Limited,313200,AGENT,15-Sep-2024,18:46:00,
3744171639,1330841058,117650,Naveed Iqbal,Premier Sales Private Limited,90400,AGENT,15-Sep-2024,19:05:00,
3744192701,1330858773,23636,NADEEM BAIG,Premier Sales Private Limited,322580,AGENT,15-Sep-2024,19:28:00,
3744209222,1330872816,13615,KHURRAM ,Premier Sales Private Limited,155000,AGENT,15-Sep-2024,19:46:00,
3744189068,1330855722,110590,Azib Hussain Ansari,Premier Sales Private Limited,170500,AGENT,15-Sep-2024,19:25:00,
3744202574,1330867283,136226,Kamran,Premier Sales Private Limited,201000,AGENT,15-Sep-2024,19:39:00,
3744209522,1330873068,158130,Mamoon  Asif,Premier Sales Private Limited,21886,AGENT,15-Sep-2024,19:46:00,
3744220204,1330882270,135437,SAHAB,Premier Sales Private Limited,200000,AGENT,15-Sep-2024,19:58:00,
3744221975,1330883808,20035,EJAZ,Premier Sales Private Limited,115930,AGENT,15-Sep-2024,20:01:00,
3744225939,1330887265,12011,MUHAMMAD ALI                  ,Premier Sales Private Limited,47500,AGENT,15-Sep-2024,20:06:00,
3744238898,1330898491,23685,QAYOOM,Premier Sales Private Limited,250000,AGENT,15-Sep-2024,20:22:00,
3744261993,1330918148,1891,Adnan hussain,Premier Sales Private Limited,500000,AGENT,15-Sep-2024,20:50:00,
3744196245,1330861799,2636,RizwanQureshi,Premier Sales Private Limited,157850,AGENT,15-Sep-2024,19:32:00,
3744222223,1330884022,133133,Ehtisham,Premier Sales Private Limited,8000,AGENT,15-Sep-2024,20:01:00,
3744168707,1330838523,18334,IMRAN,Premier Sales Private Limited,96620,AGENT,15-Sep-2024,19:02:00,
3744203036,1330867657,136226,Kamran,Premier Sales Private Limited,230000,AGENT,15-Sep-2024,19:40:00,
3744226441,1330887656,12011,MUHAMMAD ALI                  ,Premier Sales Private Limited,372500,AGENT,15-Sep-2024,20:07:00,
3744159030,1330830601,1206,M.HAMZA                       ,Premier Sales Private Limited,7690,AGENT,15-Sep-2024,18:51:00,
3744172481,1330841763,117761,MINHAJ ALI,Premier Sales Private Limited,30550,AGENT,15-Sep-2024,19:06:00,
3744180052,1330848008,1339,NOMAN AHMED ,Premier Sales Private Limited,679000,AGENT,15-Sep-2024,19:15:00,
3744206680,1330870628,111326,AHSAN,Premier Sales Private Limited,4350,AGENT,15-Sep-2024,19:43:00,
3744209947,1330873469,13615,KHURRAM ,Premier Sales Private Limited,20000,AGENT,15-Sep-2024,19:46:00,
3744209972,1330873475,15854,M. IMRAN (SM),Premier Sales Private Limited,27500,AGENT,15-Sep-2024,19:46:00,
3744242704,1330901696,1119991592,Zahid Ali Lashari,Premier Sales Private Limited,500000,AGENT,15-Sep-2024,20:27:00,
3744262550,1330918660,26228,Sarfaraz Ali,Premier Sales Private Limited,100000,AGENT,15-Sep-2024,20:51:00,
3744265549,1330921328,23636,NADEEM BAIG,Premier Sales Private Limited,325100,AGENT,15-Sep-2024,20:54:00,
3744183221,1330850769,117386,M Usman,Premier Sales Private Limited,105900,AGENT,15-Sep-2024,19:18:00,
3744207040,1330870951,136226,Kamran,Premier Sales Private Limited,266600,AGENT,15-Sep-2024,19:44:00,
3744280969,1330934593,21539,FAHIM,Premier Sales Private Limited,100000,AGENT,15-Sep-2024,21:13:00,
3744169677,1330839392,117761,MINHAJ ALI,Premier Sales Private Limited,246560,AGENT,15-Sep-2024,19:03:00,
3744172814,1330842038,141386,MUBEEN AHMED,Premier Sales Private Limited,450000,AGENT,15-Sep-2024,19:07:00,
3744203638,1330868184,136182,MANSOOR,Premier Sales Private Limited,120280,AGENT,15-Sep-2024,19:40:00,
3744243116,1330902094,1119991592,Zahid Ali Lashari,Premier Sales Private Limited,565500,AGENT,15-Sep-2024,20:27:00,
3744166303,1330836676,158139,Muhammad  Waqar,Premier Sales Private Limited,168840,AGENT,15-Sep-2024,19:00:00,
3744173144,1330842319,1178,ADNAN SHERAZ,Premier Sales Private Limited,184990,AGENT,15-Sep-2024,19:07:00,
3744187199,1330854091,135340,HASRAT,Premier Sales Private Limited,115000,AGENT,15-Sep-2024,19:22:00,
3743877478,1330600376,1402325,Shamsher Khan                 ,Premier Sales Private Limited,97190,AGENT,15-Sep-2024,12:47:00,
3743892977,1330613238,143531,ABDUL SAMAD(A/F1)             ,Premier Sales Private Limited,47000,AGENT,15-Sep-2024,13:06:00,
3743900637,1330619507,183279,AUSAF,Premier Sales Private Limited,16260,AGENT,15-Sep-2024,13:15:00,
3743903940,1330622274,1178,ADNAN SHERAZ,Premier Sales Private Limited,86500,AGENT,15-Sep-2024,13:20:00,
3743878067,1330600833,1401012,JAHANZAIB (INST)              ,Premier Sales Private Limited,93500,AGENT,15-Sep-2024,12:48:00,
3743881624,1330603899,183308,SALMAN CAKE,Premier Sales Private Limited,27300,AGENT,15-Sep-2024,12:52:00,
3743881614,1330603903,241128,NADEEM AHMED S.V,Premier Sales Private Limited,175000,AGENT,15-Sep-2024,12:52:00,
3743855877,1330581899,1402457,Zohaib,Premier Sales Private Limited,85000,AGENT,15-Sep-2024,12:22:00,
3743901621,1330620324,183299,ARSHAD,Premier Sales Private Limited,14370,AGENT,15-Sep-2024,13:17:00,
3743909855,1330626940,189127,Shahbeh hydr,Premier Sales Private Limited,299850,AGENT,15-Sep-2024,13:29:00,
3743904939,1330623030,1178,ADNAN SHERAZ,Premier Sales Private Limited,41500,AGENT,15-Sep-2024,13:21:00,
3743905013,1330623082,23652,RIZWAN,Premier Sales Private Limited,85710,AGENT,15-Sep-2024,13:22:00,
3743809991,1330543931,140396,Wahab Ghouri,Premier Sales Private Limited,225000,AGENT,15-Sep-2024,11:23:00,
3743838486,1330567569,251174100079,Shahb Uddin,Premier Sales Private Limited,88050,AGENT,15-Sep-2024,12:02:00,
3743844951,1330572905,1178,ADNAN SHERAZ,Premier Sales Private Limited,26800,AGENT,15-Sep-2024,12:10:00,
3743799185,1330534760,155139,WASEEM ASLAM,Premier Sales Private Limited,280,AGENT,15-Sep-2024,11:08:00,
3743848972,1330576108,1432598,Haseeb Ahmed                  ,Premier Sales Private Limited,110000,AGENT,15-Sep-2024,12:14:00,
3743882889,1330604962,1178,ADNAN SHERAZ,Premier Sales Private Limited,81030,AGENT,15-Sep-2024,12:54:00,
3743905491,1330623437,119216,Jahangir Farooq               ,Premier Sales Private Limited,268500,AGENT,15-Sep-2024,13:22:00,
3743905544,1330623474,23652,RIZWAN,Premier Sales Private Limited,1800,AGENT,15-Sep-2024,13:22:00,
3743849438,1330576531,117650,Naveed Iqbal,Premier Sales Private Limited,57000,AGENT,15-Sep-2024,12:15:00,
3743911224,1330628013,105127,YOUSUF,Premier Sales Private Limited,35000,AGENT,15-Sep-2024,13:31:00,
3743925186,1330639507,117299,AWAIS (PHARMA),Premier Sales Private Limited,259500,AGENT,15-Sep-2024,13:51:00,
3743906666,1330624430,133554,SHARIQ,Premier Sales Private Limited,649000,AGENT,15-Sep-2024,13:24:00,
3743918143,1330633514,1401338,SHAHZAD HUSSAIN PH,Premier Sales Private Limited,220000,AGENT,15-Sep-2024,13:42:00,
3743880796,1330603163,183302,MEHMOOD CAKE,Premier Sales Private Limited,248000,AGENT,15-Sep-2024,12:51:00,
3743884532,1330606321,183283,SANA ULLAH,Premier Sales Private Limited,14330,AGENT,15-Sep-2024,12:56:00,
3743888442,1330609481,1432585,Adnan Mumtaz                  ,Premier Sales Private Limited,68000,AGENT,15-Sep-2024,13:01:00,
3743926868,1330640939,1432426,Sami Ullah                    ,Premier Sales Private Limited,206500,AGENT,15-Sep-2024,13:53:00,
3743926915,1330640972,241139,AKIF,Premier Sales Private Limited,46350,AGENT,15-Sep-2024,13:53:00,
3744156111,1330828164,1119991592,Zahid Ali Lashari,Premier Sales Private Limited,2130,CUSTOMER_A,15-Sep-2024,18:47:00,

